<?xml version="1.0" encoding="utf-8"?>
<extension version="2.5" type="library" method="upgrade">
	<name>JEvents - Bootstrap Modal Library</name>
	<libraryname>jevents/jevmodal</libraryname>
	<description>Bootstrap Modal Library for JEvents</description>
	<author>GWE Systems Ltd</author>
	<creationDate>March 2019</creationDate>
	<copyright>(C) 2015-2019 GWE Systems Ltd. All rights reserved.</copyright>
	<license>http://www.gnu.org/licenses/gpl-2.0.html GNU/GPL</license>
	<authorEmail>via website</authorEmail>
	<packager>JEvents</packager>
	<authorUrl>www.gwesystems.com</authorUrl>
	<version>3.4.50</version>
	<files>
		<file>jevmodal.php</file>
		<file>index.html</file>
	</files>
	<media folder="media" destination="com_jevents/lib_jevmodal">
		<folder>css</folder>
		<folder>js</folder>
	</media>

</extension>
