<?xml version="1.0" encoding="utf-8"?>
<!--
/**
 * @copyright	Copyright (c) 2014-2019 GWE Systems Ltd. All rights reserved.
 * @license		GNU General Public License version 2 or later; see LICENSE.txt
 */
-->
<extension type="plugin" version="2.5" group="content" method="upgrade">
	<name>PLG_JEV_CORE_CONTENT_PLUGIN_TITLE</name>
	<author>GWE Systems Ltd</author>
	<creationDate>March 2019</creationDate>
	<copyright>(C) 2012-2019 GWE Systems Ltd</copyright>
	<authorEmail></authorEmail>
	<authorUrl>www.gwesystems.com</authorUrl>
	<packager>GWE Systems Ltd</packager>
	<packagerurl>http://www.jevents.net</packagerurl>
	<description>PLG_JEV_CORE_CONTENT_PLUGIN_DESC</description>
    <version>3.4.50</version>
	<description>
	<![CDATA[
		This is a JEvents Core plugin.
	]]>
	</description>

	<files>
		<filename plugin="jevents">jevents.php</filename>
		<filename>index.html</filename>
	</files>

	<languages>
		<language tag="en-GB">language/en-GB/en-GB.plg_content_jevents.ini</language>
		<language tag="en-GB">language/en-GB/en-GB.plg_content_jevents.sys.ini</language>
	</languages>

	<config>
		<fields name="params">
			<fieldset name="basic">

			</fieldset>
		</fields>
	</config>
</extension>